name,layer,row,col,time,head
TRGW-0-26-6,1,27,7,3652.5,37.4749
TRGW-0-26-6,1,27,7,3659.5,37.4685
TRGW-0-26-6,1,27,7,3666.5,37.3093
TRGW-0-26-6,1,27,7,3673.5,37.2415
TRGW-0-26-6,1,27,7,3680.5,37.2366
TRGW-0-26-6,1,27,7,3687.5,37.1490
TRGW-0-26-6,1,27,7,3694.5,37.3072
TRGW-0-26-6,1,27,7,3701.5,37.0587
TRGW-0-26-6,1,27,7,3708.5,37.2111
TRGW-0-26-6,1,27,7,3715.5,37.1824
TRGW-0-26-6,1,27,7,3722.5,37.0476
TRGW-0-26-6,1,27,7,3729.5,37.2433
TRGW-0-26-6,1,27,7,3736.5,37.2915
TRGW-0-26-6,1,27,7,3743.5,37.3233
TRGW-0-26-6,1,27,7,3750.5,37.1101
TRGW-0-26-6,1,27,7,3757.5,37.1605
TRGW-0-26-6,1,27,7,3764.5,37.3411
TRGW-0-26-6,1,27,7,3771.5,37.2347
TRGW-0-26-6,1,27,7,3778.5,37.1679
TRGW-0-26-6,1,27,7,3785.5,37.2365
TRGW-0-26-6,1,27,7,3792.5,37.3026
TRGW-0-26-6,1,27,7,3799.5,37.3875
TRGW-0-26-6,1,27,7,3806.5,37.2422
TRGW-0-26-6,1,27,7,3813.5,37.2158
TRGW-0-26-6,1,27,7,3820.5,37.5019
TRGW-0-26-6,1,27,7,3827.5,37.2881
TRGW-0-26-6,1,27,7,3834.5,37.3622
TRGW-0-26-6,1,27,7,3841.5,37.1642
TRGW-0-26-6,1,27,7,3848.5,37.3416
TRGW-0-26-6,1,27,7,3855.5,37.3490
TRGW-0-26-6,1,27,7,3862.5,37.1983
TRGW-0-26-6,1,27,7,3869.5,37.2871
TRGW-0-26-6,1,27,7,3876.5,37.1722
TRGW-0-26-6,1,27,7,3883.5,37.2187
TRGW-0-26-6,1,27,7,3890.5,37.3797
TRGW-0-26-6,1,27,7,3897.5,37.1664
TRGW-0-26-6,1,27,7,3904.5,37.0261
TRGW-0-26-6,1,27,7,3911.5,37.0980
TRGW-0-26-6,1,27,7,3918.5,37.1661
TRGW-0-26-6,1,27,7,3925.5,36.9581
TRGW-0-26-6,1,27,7,3932.5,36.8825
TRGW-0-26-6,1,27,7,3939.5,36.7786
TRGW-0-26-6,1,27,7,3946.5,36.8039
TRGW-0-26-6,1,27,7,3953.5,36.6230
TRGW-0-26-6,1,27,7,3960.5,36.4666
TRGW-0-26-6,1,27,7,3967.5,36.4784
TRGW-0-26-6,1,27,7,3974.5,36.3905
TRGW-0-26-6,1,27,7,3981.5,36.4247
TRGW-0-26-6,1,27,7,3988.5,36.3501
TRGW-0-26-6,1,27,7,3995.5,36.2537
TRGW-0-26-6,1,27,7,4002.5,36.1457
TRGW-0-26-6,1,27,7,4009.5,36.4420
TRGW-0-26-6,1,27,7,4016.5,36.1758
TRGW-0-26-6,1,27,7,4023.5,36.1845
TRGW-0-26-6,1,27,7,4030.5,36.1013
TRGW-0-26-6,1,27,7,4037.5,36.1966
TRGW-0-26-6,1,27,7,4044.5,36.2084
TRGW-0-26-6,1,27,7,4051.5,35.8665
TRGW-0-26-6,1,27,7,4058.5,36.1681
TRGW-0-26-6,1,27,7,4065.5,36.0323
TRGW-0-26-6,1,27,7,4072.5,36.0740
TRGW-0-26-6,1,27,7,4079.5,36.0504
TRGW-0-26-6,1,27,7,4086.5,36.0482
TRGW-0-26-6,1,27,7,4093.5,35.7580
TRGW-0-26-6,1,27,7,4100.5,35.9207
TRGW-0-26-6,1,27,7,4107.5,35.9388
TRGW-0-26-6,1,27,7,4114.5,36.1383
TRGW-0-26-6,1,27,7,4121.5,35.9329
TRGW-0-26-6,1,27,7,4128.5,35.9471
TRGW-0-26-6,1,27,7,4135.5,36.0510
TRGW-0-26-6,1,27,7,4142.5,35.9340
TRGW-0-26-6,1,27,7,4149.5,36.0143
TRGW-0-26-6,1,27,7,4156.5,36.1835
TRGW-0-26-6,1,27,7,4163.5,35.9280
TRGW-0-26-6,1,27,7,4170.5,36.1608
TRGW-0-26-6,1,27,7,4177.5,36.1264
TRGW-0-26-6,1,27,7,4184.5,36.0871
TRGW-0-26-6,1,27,7,4191.5,36.2281
TRGW-0-26-6,1,27,7,4198.5,36.4715
TRGW-0-26-6,1,27,7,4205.5,36.2655
TRGW-0-26-6,1,27,7,4212.5,36.3952
TRGW-0-26-6,1,27,7,4219.5,36.3707
TRGW-0-26-6,1,27,7,4226.5,36.1688
TRGW-0-26-6,1,27,7,4233.5,36.1945
TRGW-0-26-6,1,27,7,4240.5,36.0436
TRGW-0-26-6,1,27,7,4247.5,35.9771
TRGW-0-26-6,1,27,7,4254.5,36.1639
TRGW-0-26-6,1,27,7,4261.5,36.0892
TRGW-0-26-6,1,27,7,4268.5,36.0830
TRGW-0-26-6,1,27,7,4275.5,35.9224
TRGW-0-26-6,1,27,7,4282.5,35.7998
TRGW-0-26-6,1,27,7,4289.5,35.8406
TRGW-0-26-6,1,27,7,4296.5,35.6008
TRGW-0-26-6,1,27,7,4303.5,35.6062
TRGW-0-26-6,1,27,7,4310.5,35.5789
TRGW-0-26-6,1,27,7,4317.5,35.4145
TRGW-0-26-6,1,27,7,4324.5,35.4375
TRGW-0-26-6,1,27,7,4331.5,35.1516
TRGW-0-26-6,1,27,7,4338.5,35.1841
TRGW-0-26-6,1,27,7,4345.5,35.1277
TRGW-0-26-6,1,27,7,4352.5,35.3122
TRGW-0-26-6,1,27,7,4359.5,34.8371
TRGW-0-26-6,1,27,7,4366.5,34.9077
TRGW-0-26-6,1,27,7,4373.5,35.0207
TRGW-0-26-6,1,27,7,4380.5,34.9220
TRGW-0-3-8,1,4,9,3655.5,37.9957
TRGW-0-3-8,1,4,9,3662.5,37.7950
TRGW-0-3-8,1,4,9,3669.5,38.0164
TRGW-0-3-8,1,4,9,3676.5,38.1323
TRGW-0-3-8,1,4,9,3683.5,38.0148
TRGW-0-3-8,1,4,9,3690.5,38.2118
TRGW-0-3-8,1,4,9,3697.5,38.0671
TRGW-0-3-8,1,4,9,3704.5,38.0620
TRGW-0-3-8,1,4,9,3711.5,38.0499
TRGW-0-3-8,1,4,9,3718.5,38.0726
TRGW-0-3-8,1,4,9,3725.5,37.8857
TRGW-0-3-8,1,4,9,3732.5,38.1062
TRGW-0-3-8,1,4,9,3739.5,38.1543
TRGW-0-3-8,1,4,9,3746.5,38.1737
TRGW-0-3-8,1,4,9,3753.5,38.1194
TRGW-0-3-8,1,4,9,3760.5,38.1010
TRGW-0-3-8,1,4,9,3767.5,38.1569
TRGW-0-3-8,1,4,9,3774.5,38.1249
TRGW-0-3-8,1,4,9,3781.5,38.0615
TRGW-0-3-8,1,4,9,3788.5,38.1352
TRGW-0-3-8,1,4,9,3795.5,38.3819
TRGW-0-3-8,1,4,9,3802.5,38.1624
TRGW-0-3-8,1,4,9,3809.5,38.3438
TRGW-0-3-8,1,4,9,3816.5,38.3532
TRGW-0-3-8,1,4,9,3823.5,38.4155
TRGW-0-3-8,1,4,9,3830.5,38.3957
TRGW-0-3-8,1,4,9,3837.5,38.5904
TRGW-0-3-8,1,4,9,3844.5,38.5722
TRGW-0-3-8,1,4,9,3851.5,38.4941
TRGW-0-3-8,1,4,9,3858.5,38.3951
TRGW-0-3-8,1,4,9,3865.5,38.4042
TRGW-0-3-8,1,4,9,3872.5,38.3363
TRGW-0-3-8,1,4,9,3879.5,38.2380
TRGW-0-3-8,1,4,9,3886.5,38.3545
TRGW-0-3-8,1,4,9,3893.5,38.1788
TRGW-0-3-8,1,4,9,3900.5,38.3494
TRGW-0-3-8,1,4,9,3907.5,38.3646
TRGW-0-3-8,1,4,9,3914.5,38.1811
TRGW-0-3-8,1,4,9,3921.5,38.3064
TRGW-0-3-8,1,4,9,3928.5,38.1327
TRGW-0-3-8,1,4,9,3935.5,38.0201
TRGW-0-3-8,1,4,9,3942.5,38.1979
TRGW-0-3-8,1,4,9,3949.5,37.8487
TRGW-0-3-8,1,4,9,3956.5,38.1442
TRGW-0-3-8,1,4,9,3963.5,37.9018
TRGW-0-3-8,1,4,9,3970.5,37.8997
TRGW-0-3-8,1,4,9,3977.5,37.7823
TRGW-0-3-8,1,4,9,3984.5,37.8666
TRGW-0-3-8,1,4,9,3991.5,37.7975
TRGW-0-3-8,1,4,9,3998.5,37.7023
TRGW-0-3-8,1,4,9,4005.5,37.7454
TRGW-0-3-8,1,4,9,4012.5,37.7231
TRGW-0-3-8,1,4,9,4019.5,37.5620
TRGW-0-3-8,1,4,9,4026.5,37.5205
TRGW-0-3-8,1,4,9,4033.5,37.4235
TRGW-0-3-8,1,4,9,4040.5,37.5702
TRGW-0-3-8,1,4,9,4047.5,37.5502
TRGW-0-3-8,1,4,9,4054.5,37.4891
TRGW-0-3-8,1,4,9,4061.5,37.4732
TRGW-0-3-8,1,4,9,4068.5,37.5653
TRGW-0-3-8,1,4,9,4075.5,37.4432
TRGW-0-3-8,1,4,9,4082.5,37.5008
TRGW-0-3-8,1,4,9,4089.5,37.5148
TRGW-0-3-8,1,4,9,4096.5,37.6425
TRGW-0-3-8,1,4,9,4103.5,37.6355
TRGW-0-3-8,1,4,9,4110.5,37.4961
TRGW-0-3-8,1,4,9,4117.5,37.5963
TRGW-0-3-8,1,4,9,4124.5,37.7301
TRGW-0-3-8,1,4,9,4131.5,37.9596
TRGW-0-3-8,1,4,9,4138.5,37.7662
TRGW-0-3-8,1,4,9,4145.5,37.9008
TRGW-0-3-8,1,4,9,4152.5,37.9052
TRGW-0-3-8,1,4,9,4159.5,37.8173
TRGW-0-3-8,1,4,9,4166.5,37.9534
TRGW-0-3-8,1,4,9,4173.5,37.9664
TRGW-0-3-8,1,4,9,4180.5,37.8100
TRGW-0-3-8,1,4,9,4187.5,38.1018
TRGW-0-3-8,1,4,9,4194.5,37.9613
TRGW-0-3-8,1,4,9,4201.5,37.9489
TRGW-0-3-8,1,4,9,4208.5,38.0480
TRGW-0-3-8,1,4,9,4215.5,38.1253
TRGW-0-3-8,1,4,9,4222.5,38.1024
TRGW-0-3-8,1,4,9,4229.5,38.2038
TRGW-0-3-8,1,4,9,4236.5,37.8744
TRGW-0-3-8,1,4,9,4243.5,38.0233
TRGW-0-3-8,1,4,9,4250.5,37.9402
TRGW-0-3-8,1,4,9,4257.5,38.0007
TRGW-0-3-8,1,4,9,4264.5,38.0183
TRGW-0-3-8,1,4,9,4271.5,37.9728
TRGW-0-3-8,1,4,9,4278.5,37.7283
TRGW-0-3-8,1,4,9,4285.5,37.7776
TRGW-0-3-8,1,4,9,4292.5,37.8619
TRGW-0-3-8,1,4,9,4299.5,37.9684
TRGW-0-3-8,1,4,9,4306.5,37.7755
TRGW-0-3-8,1,4,9,4313.5,37.5352
TRGW-0-3-8,1,4,9,4320.5,37.7037
TRGW-0-3-8,1,4,9,4327.5,37.6756
TRGW-0-3-8,1,4,9,4334.5,37.6158
TRGW-0-3-8,1,4,9,4341.5,37.5964
TRGW-0-3-8,1,4,9,4348.5,37.2806
TRGW-0-3-8,1,4,9,4355.5,37.4688
TRGW-0-3-8,1,4,9,4362.5,37.5506
TRGW-0-3-8,1,4,9,4369.5,37.3387
TRGW-0-3-8,1,4,9,4376.5,37.4688
TRGW-0-3-8,1,4,9,4383.5,37.3583
